#TAG,NAME IN REPO (or git url),PURPOSE (should be a verb phrase to sound right while installing)
,xorg-server,"is the graphical server. This first one may take a while as it pulls many other dependencies first on clean installs."
,xorg-xwininfo,"allows querying information about windows."
,xorg-xinit,"starts the graphical server."
,xorg-xset,"utility for configuring and ajusting X server"
,polkit,"manages user policies."
,libertinus-font,"provides the sans and serif fonts for CABS."
,ttf-font-awesome,"provides extended glyph support."
,ttf-dejavu,"properly displays emojis."
A,lf-git,"is an extensive terminal file manager that everyone likes."
,ueberzug,"enables previews in the lf file manager."
,bc,"is a mathematics language used for the dropdown calculator."
,xcompmgr,"is for transparency and removing screen-tearing."
,xorg-xprop,"is a tool for detecting window properties."
,arandr,"allows the user to customize monitor arrangements."
,dosfstools,"allows your computer to access dos-like filesystems."
,libnotify,"allows desktop notifications."
,dunst,"is a suckless notification system."
,calcurse,"terminal-based organizer for interactive and command line use"
,exfat-utils,"allows management of FAT drives."
,nsxiv,"is a minimalist image viewer."
,xwallpaper,"sets the wallpaper."
,ffmpeg,"can record and splice video and audio on the command line."
,ffmpegthumbnailer,"creates thumbnail previews of video files."
,gnome-keyring,"serves as the system keyring."
A,gtk-theme-arc-gruvbox-git,"gives the dark GTK theme used in CABS."
,python-qdarkstyle,"provides a dark Qt theme."
,neovim,"a tidier vim with some useful features"
,mpd,"is a lightweight music daemon."
,mpc,"is a terminal interface for mpd."
,mpv,"is the patrician's choice video player."
,man-db,"lets you read man pages of programs."
,ncmpcpp,"a ncurses interface for music with multiple formats and a powerful tag editor."
,newsboat,"is a terminal RSS client."
A,librewolf-bin,"is the default browser of CABS which also comes with ad-blocking and other sensible and necessary features by default."
A,librewolf-extension-localcdn-bin,"local emulation of Content Delivery Networks."
A,librewolf-extension-istilldontcareaboutcookies-bin,"removes annoying cookie banners"
A,librewolf-extension-tridactyl-bin,"vim bindings in your browser."
A,librewolf-extension-ublock-origin-bin,"the best ad blocker in town."
A,arkenfox-user.js,"provides hardened security settings for Firefox and Librewolf to avoid Mozilla spyware and general web fingerprinting."
,noto-fonts,"is an expansive font package."
,noto-fonts-emoji,"is an emoji font."
,ntfs-3g,"allows accessing NTFS partitions."
,wireplumber,"is the audio system."
,pipewire-pulse,"gives pipewire compatibility with PulseAudio programs."
,pulsemixer,"is an audio controller."
A,sc-im,"is an Excel-like terminal spreadsheet manager."
,maim,"can take quick screenshots at your request."
A,abook,"is an offline addressbook usable by neomutt."
,unclutter,"hides an inactive mouse."
,unzip,"unzips zips."
,lynx,"is a terminal browser also used in CABS for generating in-terminal previews of websites, emails and HTML files."
,xcape,"gives the special escape/super mappings of CABS."
,xclip,"allows for copying and pasting from the command line."
,xdotool,"provides window action utilities on the command line."
,yt-dlp,"can download any YouTube video (or playlist or channel) when given the link."
,zathura,"is a pdf viewer with vim-like bindings."
,zathura-pdf-mupdf,"allows mupdf pdf compatibility in zathura."
,poppler,"manipulates .pdfs and gives .pdf previews and other .pdf functions."
,mediainfo,"shows audio and video information and is used in the file browser."
,atool,"manages and gives information about archives."
,fzf,"is a fuzzy finder tool used for easy selection and location of files."
,bat,"can highlight code output and display files and is used to generate previews in the file browser."
,xorg-xbacklight,"enables changing screen brightness levels."
A,zsh-fast-syntax-highlighting-git,"provides syntax highlighting in the shell."
A,task-spooler,"queues commands or files for download."
A,simple-mtpfs,"enables the mounting of cell phones."
A,htop-vim,"is a graphical and colorful system monitor."
G,https://gitlab.com/ifnot1then0/dwmblocks.git,"serves as the modular status bar."
G,https://gitlab.com/ifnot1then0/dmenu.git,"runs commands and provides a UI for selection."
G,https://gitlab.com/ifnot1then0/st.git,"is my custom build of suckless's terminal emulator."
G,https://gitlab.com/ifnot1then0/dwm.git,"is the window manager."
,slock,"allows you to lock your computer, and quickly unlock with your password."
,socat,"is a utility which establishes two byte streams and transfers data between them."
,moreutils,"is a collection of useful unix tools."
,tesseract,"command-line OCR engine for advance maimpick"
,qutebrowser,"A keyboard-driven, vim-like browser based on Python and Qt."
,tesseract-data-eng,"english language pack for OCR"
,vi,"A text editor."
,expect,"A tool for automating interactive applications."
,dhclient,"A standalone DHCP client from the dhcp package."
,dhcpcd,"DHCP/ IPv4LL/ IPv6RA/ DHCPv6 client."
,inetutils,"A collection of common network programs."
,iputils,"Network monitoring tools, including ping."
,lsscsi,"A tool that lists devices connected via SCSI and its transports."
,wol,"Wake On LAN functionality in a small program. It wakes up hardware that is Magic Packet compliant."
,sane,"A scanning tool for scanning document from the printer."
,netctl,"Profile based systemd network management."
,poppler,"A pdf utility to combine multiple pdf documents."
,wget,"A network utility to retrieve files from the Web."
,nmap,"Utility for network discovery and security auditing."
,xorg-xset,"User preference utility for X."
,rsync,"A fast and versatile file copying tool for remote and local files."
,cifs-utils,"A CIFS filesystem user-space tools."
,nfs-utils,"A support programs for Network File Systems."
,nvtop,"GPUs process monitoring for AMD, Intel and NVIDIA."
,bluez,"Daemons for the bluetooth protocol stack."
,bluez-utils,"Development and debugging utilities for the bluetooth protocol stack."
,python-pip,"The PyPA recommended tool for installing Python packages."
,python-pylint,"Analyzes Python code looking for bugs and signs of poor quality."
,ethtool,"A Utility for controlling network drivers and hardware."
,cups,"OpenPrinting CUPS - daemon package"
,cups-pdf,"PDF printer for cups"
,nss-mdns,"glibc plugin providing host name resolution via mDNS"
,ufw,"is a Uncomplicated and easy to use CLI tool for managing a netfilter firewall."
,lsscsi,"a nice utility to list devices like hard drives."
,cronie,"is a Daemon that runs specified programs at scheduled times and related tools."
,btop,"is A monitor of system resources, bpytop ported to C++."
,wireguard-tools,"A next generation secure network tunnel - tools for configuration."
,transmission-cli,"A Fast, easy, and free BitTorrent client."
,python-pynvim,"A python3 module for neovim."
,npm,"A package manager for JavaScript."
,nodejs,"An evented I/O for V8 JavaScript."
,zsh-theme-powerlevel10k,"Powerlevel10k is a theme for Zsh. It emphasizes speed, flexibility and out-of-the-box experience."
,zsh-autosuggestions,"is a Fish-like autosuggestions for zsh."
,exodus,"Send recieve and exchange crypto. Crypto Wallet."
,gimp,"GNU Image Manipulation Program."
A,proton-mail,"Proton official desktop application for Proton Mail and Proton Calendar."
A,expressvpn,"Proprietary VPN client for Linux."
A,dict,"An easy to use english dictionary for the command line."
A,proton-mail,"Proton official desktop application for Proton Mail and Proton Calendar."
A,light,"A program to control backlights on keyboards"
A,stig,"A TUI and CLI client for the Transmission daemon."
A,ipinfo-cli,"is the Official Command Line Interface for the IPinfo API."
A,ookla-speedtest-bin,"A internet Speedtest CLI by Ookla."
A,colorpicker,"Lets you Click on a pixel on your screen and print its color value in RGB."
A,zsh-theme-powerlevel10k, "Zsh theme that offeres speed and flexibility and customization."
